order,sectionTitle,lessonTitle,slug,sectionIcon,filePath,description
01A,Day 1: Core Theory & Architectural Foundations,Welcome & Instructor Introduction,day-1-foundations-and-architecture/welcome-and-instructor-introduction,server,/lessons/day-1-foundations-and-architecture/welcome-and-instructor-introduction,"Meet your instructor Akil Mahmod Tipu, Senior DevOps Engineer, explore the course roadmap, prerequisites, and prepare for your 4-day infrastructure automation journey."
01B,Day 1: Core Theory & Architectural Foundations,The Evolution of Cloud Infrastructure & Why IaC Matters,day-1-foundations-and-architecture/why-infrastructure-as-code,server,/lessons/day-1-foundations-and-architecture/why-infrastructure-as-code,"Explore the historical transition from bare-metal ClickOps to modern Infrastructure as Code, understanding declarative vs imperative models, idempotency, and SDLC alignment."
01C,Day 1: Core Theory & Architectural Foundations,Why Terraform Exists & What Problems It Solves,day-1-foundations-and-architecture/why-terraform-and-problems-solved,server,/lessons/day-1-foundations-and-architecture/why-terraform-and-problems-solved,"A deep dive into why HashiCorp created Terraform, the core architectural problems it solves, blast radius mitigation, and a comparison against CloudFormation, Pulumi, and Ansible."
01D,Day 1: Core Theory & Architectural Foundations,Terraform Architecture & Core Engine Deep Dive,day-1-foundations-and-architecture/terraform-architecture-and-engine,server,/lessons/day-1-foundations-and-architecture/terraform-architecture-and-engine,"Understand the internal architecture of Terraform, including Terraform Core, the Provider Plugin gRPC protocol, Directed Acyclic Graph (DAG) generation, and state engine mechanics."
01E,Day 1: Core Theory & Architectural Foundations,Complete Installation & Environment Setup Guide,day-1-foundations-and-architecture/installation-and-environment-setup,server,/lessons/day-1-foundations-and-architecture/installation-and-environment-setup,"Step-by-step cross-platform installation guide for Terraform across macOS, Linux, and Windows, version switching with tfswitch/tenv, and AWS authentication setup."
02A,"Day 1: HCL Syntax, Core Workflow & First Deployments",HashiCorp Configuration Language (HCL) Anatomy,day-1-first-deployment-and-core-hcl/hcl-syntax-and-anatomy,terminal,/lessons/day-1-first-deployment-and-core-hcl/hcl-syntax-and-anatomy,"Master the structure of HCL2: blocks, labels, arguments, primitive and structural data types, string interpolation, and heredoc syntax."
02B,"Day 1: HCL Syntax, Core Workflow & First Deployments",First Deployment & The Complete Terraform Lifecycle,day-1-first-deployment-and-core-hcl/first-deployment-and-workflow-lifecycle,terminal,/lessons/day-1-first-deployment-and-core-hcl/first-deployment-and-workflow-lifecycle,"Hands-on walk-through of your first AWS deployment, dissecting terraform init, fmt, validate, plan, apply, destroy, and the dependency lockfile."
02C,"Day 1: HCL Syntax, Core Workflow & First Deployments","Input Variables, Custom Validation Rules, Outputs & Locals",day-1-first-deployment-and-core-hcl/variables-outputs-and-locals,terminal,/lessons/day-1-first-deployment-and-core-hcl/variables-outputs-and-locals,"Master input variables, custom validation blocks with regex, sensitive outputs, local computed values, and variable precedence hierarchy."
02D,"Day 1: HCL Syntax, Core Workflow & First Deployments","Data Sources, Provider Configuration & Local State Mechanics",day-1-first-deployment-and-core-hcl/data-sources-and-state-mechanics,terminal,/lessons/day-1-first-deployment-and-core-hcl/data-sources-and-state-mechanics,"Learn how to query live cloud data using Data Sources, configure multiple provider aliases, and understand how local state records infrastructure."
03A,Day 2: Production State Management & Disaster Recovery,Terraform State Internals & Schema Deep Dive,day-2-state-management-and-backends/terraform-state-deep-dive,database,/lessons/day-2-state-management-and-backends/terraform-state-deep-dive,"Explore the internal structure of the Terraform state file, understanding schema versions, lineage, serial counters, resource bindings, and security."
03B,Day 2: Production State Management & Disaster Recovery,Remote Backends with AWS S3 & DynamoDB State Locking,day-2-state-management-and-backends/remote-state-s3-and-dynamodb,database,/lessons/day-2-state-management-and-backends/remote-state-s3-and-dynamodb,Build an enterprise remote state backend with AWS S3 for encrypted versioned storage and DynamoDB for distributed locking and state migration.
03C,Day 2: Production State Management & Disaster Recovery,Advanced State Operations & Disaster Recovery,day-2-state-management-and-backends/state-operations-and-disaster-recovery,database,/lessons/day-2-state-management-and-backends/state-operations-and-disaster-recovery,"Master state manipulation commands (state mv, state rm, force-unlock), refactor resource identifiers, and resolve real-world infrastructure drift."
03D,Day 2: Production State Management & Disaster Recovery,Greenfield vs Brownfield: Resource Import & Code Generation,day-2-state-management-and-backends/importing-existing-resources-and-code-generation,database,/lessons/day-2-state-management-and-backends/importing-existing-resources-and-code-generation,Learn how to import pre-existing cloud infrastructure into Terraform state using legacy CLI imports and modern declarative import blocks with automated HCL code generation.
04A,Day 2: Multi-Environment SDLC Architecture,Environment Isolation: Workspaces vs Directory Separation,day-2-multi-environment-sdlc/multi-environment-isolation-patterns,sitemap,/lessons/day-2-multi-environment-sdlc/multi-environment-isolation-patterns,"Compare Terraform Workspaces against Directory-based environment separation, analyzing blast radius risks, state isolation, and enterprise directory layouts."
04B,Day 2: Multi-Environment SDLC Architecture,Multi-Account & Multi-Region Cloud Strategies,day-2-multi-environment-sdlc/multi-account-and-multi-region-strategies,sitemap,/lessons/day-2-multi-environment-sdlc/multi-account-and-multi-region-strategies,"Architect multi-account AWS environments using AWS Organizations, cross-account IAM role assumption (assume_role), and multi-region provider aliases."
04C,Day 2: Multi-Environment SDLC Architecture,Managing Secrets & Environment Variables Securely,day-2-multi-environment-sdlc/secrets-and-environment-variables,sitemap,/lessons/day-2-multi-environment-sdlc/secrets-and-environment-variables,"Best practices for injecting secrets, using TF_VAR environment variables, .tfvars files, and fetching runtime secrets from AWS Secrets Manager and SSM."
05A,Day 3: Reusable Terraform Modules,Modular Architecture Principles & Standard Structure,day-3-terraform-modules/modular-architecture-principles,cubes,/lessons/day-3-terraform-modules/modular-architecture-principles,"Learn the foundational principles of Terraform modules, understanding root vs child modules, standard file conventions, encapsulation, and contract design."
05B,Day 3: Reusable Terraform Modules,Building Production-Grade Infrastructure Modules,day-3-terraform-modules/building-production-grade-modules,cubes,/lessons/day-3-terraform-modules/building-production-grade-modules,"Step-by-step hands-on guide to building an enterprise-ready AWS VPC and networking module complete with public/private subnets, NAT gateways, and outputs."
05C,Day 3: Reusable Terraform Modules,"Module Sources, Public Registry & Version Pinning",day-3-terraform-modules/module-registries-and-versioning,cubes,/lessons/day-3-terraform-modules/module-registries-and-versioning,"Master referencing modules from the Terraform Registry, Git repositories with tag pinning, and managing private enterprise module registries."
05D,Day 3: Reusable Terraform Modules,Enterprise Module Composition & Architecture Patterns,day-3-terraform-modules/module-composition-patterns,cubes,/lessons/day-3-terraform-modules/module-composition-patterns,"Architect scalable infrastructure using Flat vs Nested module composition, service wrapper patterns, and avoiding common module anti-patterns."
06A,Day 3: Advanced HCL Logic & Dynamic Blocks,Advanced Control Flow: count vs for_each Meta-Arguments,day-3-advanced-hcl-and-meta-arguments/count-vs-for-each-meta-arguments,code-branch,/lessons/day-3-advanced-hcl-and-meta-arguments/count-vs-for-each-meta-arguments,"A comprehensive deep dive into iteration in Terraform, understanding the index-shift destruction bug of count, and when to use for_each on sets and maps."
06B,Day 3: Advanced HCL Logic & Dynamic Blocks,"Advanced Expressions, Built-in Functions & Dynamic Blocks",day-3-advanced-hcl-and-meta-arguments/expressions-functions-and-dynamic-blocks,code-branch,/lessons/day-3-advanced-hcl-and-meta-arguments/expressions-functions-and-dynamic-blocks,"Master HCL built-in functions, for comprehensions, defensive error handling with try/can, and iterating nested blocks using dynamic blocks."
06C,Day 3: Advanced HCL Logic & Dynamic Blocks,Resource Lifecycle Management & Meta-Arguments,day-3-advanced-hcl-and-meta-arguments/resource-lifecycle-management,code-branch,/lessons/day-3-advanced-hcl-and-meta-arguments/resource-lifecycle-management,"Control how Terraform creates, updates, and destroys resources using lifecycle meta-arguments: create_before_destroy, prevent_destroy, ignore_changes, and depends_on."
07A,Day 4: Ansible Fundamentals & Orchestration,Introducing Ansible in the Cloud Infrastructure Ecosystem,day-4-ansible-integration-and-orchestration/introducing-ansible-in-iac-ecosystem,network-wired,/lessons/day-4-ansible-integration-and-orchestration/introducing-ansible-in-iac-ecosystem,"Understand the roles of Terraform and Ansible, comparing Infrastructure Provisioning vs Configuration Management, and analyzing Immutable vs Mutable paradigms."
07B,Day 4: Ansible Fundamentals & Orchestration,Ansible Architecture & Core Fundamentals,day-4-ansible-integration-and-orchestration/ansible-core-concepts-and-architecture,network-wired,/lessons/day-4-ansible-integration-and-orchestration/ansible-core-concepts-and-architecture,"Master Ansible core components: Control Node vs Managed Nodes, Playbooks, Inventories, Tasks, Modules, Jinja2 Templates, Handlers, and Idempotency."
07C,Day 4: Ansible Fundamentals & Orchestration,Connecting Terraform and Ansible: Integration Patterns,day-4-ansible-integration-and-orchestration/connecting-terraform-and-ansible,network-wired,/lessons/day-4-ansible-integration-and-orchestration/connecting-terraform-and-ansible,"Explore 4 architectural patterns for integrating Terraform with Ansible: dynamic inventories, AWS EC2 plugin, local-exec provisioners, and decoupled CI/CD orchestration."
07D,Day 4: Ansible Fundamentals & Orchestration,Hands-On Lab: Provisioning with Terraform & Configuring with Ansible,day-4-ansible-integration-and-orchestration/hands-on-provisioning-with-terraform-and-configuring-with-ansible,network-wired,/lessons/day-4-ansible-integration-and-orchestration/hands-on-provisioning-with-terraform-and-configuring-with-ansible,"End-to-end hands-on lab: Provision an AWS EC2 web infrastructure stack using Terraform, then configure Nginx, system hardening, and a web app using Ansible."
08A,"Day 4: Enterprise CI/CD, Security & Capstone",Enterprise CI/CD Pipelines with GitHub Actions,day-4-enterprise-cicd-and-policy-as-code/enterprise-cicd-with-github-actions,shield-alt,/lessons/day-4-enterprise-cicd-and-policy-as-code/enterprise-cicd-with-github-actions,"Build an enterprise CI/CD pipeline using GitHub Actions, OIDC passwordless AWS authentication, automated PR speculative plan comments, and merge gates."
08B,"Day 4: Enterprise CI/CD, Security & Capstone","Security Scanning, Linting & Policy as Code",day-4-enterprise-cicd-and-policy-as-code/security-linting-and-policy-as-code,shield-alt,/lessons/day-4-enterprise-cicd-and-policy-as-code/security-linting-and-policy-as-code,"Shift security left using tflint, static security analysis with Trivy/tfsec, and guardrail enforcement using Open Policy Agent (OPA) and Conftest."
08C,"Day 4: Enterprise CI/CD, Security & Capstone","Course Capstone, Cost Optimization & Production Checklist",day-4-enterprise-cicd-and-policy-as-code/course-capstone-and-production-checklist,shield-alt,/lessons/day-4-enterprise-cicd-and-policy-as-code/course-capstone-and-production-checklist,"Review the full 4-day course capstone architecture, calculate cloud costs using Infracost, and evaluate your infrastructure against the enterprise production readiness scorecard."
